id|http://www.okkam.org/ontology_restaurant2.owl#name|http://www.okkam.org/ontology_restaurant2.owl#phone_number|http://www.okkam.org/ontology_restaurant2.owl#street
0|second avenue deli|212-677-0606|
1|asian||
2|||368 bleecker st.
3|||240 central park s.
4|il mulino|212-673-3783|
5|||8764 melrose ave.
6|louise's trattoria|213/667-0777|
7|||2905 buford hwy.
8|southern/soul||
9|||129 e. fremont st.
10|venetian|702/876-4190|
11|mediterranean||
12|mitali east-west|212-989-1367|
13|remi|310/393-6545|
14|continental||
15|||243 o'farrell st.
16|barbecue||
17|california culinary academy|415/771-3500|
18|||200 w. 70th st.
19|french||
20|caffe roma|212/226-8413|
22|||150 w. 46th st.
23|||732 broadway
24|southern||
25|||150 wooster st.  between houston and prince sts.
26|harris'|415/673-1888|
27|||12224 ventura blvd.
28|american (new)||
29|corrado cafe|212/753-5100|
31|kyo-ya. sheraton palace hotel|415/546-5000|
32|||181 w. 10th st.
33|mexican||
34|f. ille ponte ristorante|212/226-4621|
35|||3148 geary blvd.
36|yoyo tsumami bistro|415/922-7788|
37|italian||
38|original pancake house (at)|404-237-4116|
39|philippe the original|213-628-3781|
41|french roast|212/533-2233|
42|||2027 sawtelle blvd.
43|seafood||
44|bristol farms market cafe|310-643-5229|
45|middle eastern||
46|pacific new wave||
47|health food||
48|||54 irving pl. at 17th st.
49|||1716 pch
51|la cote basque|212-688-6525|
52|indo cafe|310-815-1290|
53|marquet patisserie|212/229-9313|
54|vietnamese||
55|||265 pharr rd.
57|coco loco|404/364-0212|
58|||730 n. la cienega blvd.
59|la salsa (la)|310-456-6299|
60|picholine|212-724-8585|
61|chinese||
62|||60 e. 54th st.
63|orso|212/489-7212|
64|||764 ninth ave.
65|||182 w. 58th st.
66|hamburgers||
67|ej's luncheonette|212-473-5555|
68|||923 peachtree st.  at 8th st.
70|||9255 sunset blvd.
71|jackson's farm|310/273-5578|
72|||600 ponce de leon ave.
73|virgil's real bbq|212-921-9494|
74|pomaire|212/ 956-3055|
75|american||
76|||86 w. third st.
77|la grenouille|212-752-1495|
78|||21 e. 16th st.
79|east european||
80|eclectic||
81|paty's|818/761-9126|
82|||14928 ventura blvd.
84|||3713 w. sahara ave.
85|ciboulette restaurant|404-874-7600|
87|||296 bleecker st.
88|||3073 piedmont rd.
89|patsy's pizza|718-858-4300|
91|||9876 wilshire blvd.
92|tommy tang's|213/937-5733|
93|french (new)||
94|||625 polk st.
96|garden court|415/546-5011|
97|||385 broome st. at mulberry
98|thailand restaurant|212-349-3132|
99|bbq||
100|||2100 van ness ave.
102|izzy's steak & chop house|415/563-0487|
103|||1013 3rd ave.  between 60th and 61st sts.
104|el teddy's|212/941-7070|
105|nickiemoto's: a sushi bar|404/842-0334|
107|majestic|404-875-0276|
108|||2 new montgomery st.  at market st.
110|le chardonnay (los angeles)|213-655-8880|
111|millennium|415/487-9800|
112|||39 desbrosses st.  near west st.
114|fishin eddie|212/874-3474|
115|||1611 post st.
117|||4330 peachtree rd.
118|steakhouses||
119|tortillas|404-892-0193|
120|||458 6th ave. at 11th st.
122|global|212/477-8427|
123|||1570 rosecrans ave. s.
124|duke's|310-652-3100|
126|ebisu|415-566-1770|
127|pizza||
128|||10428 1/2 national blvd.
130|johnny rockets (la)|213-651-3361|
132|||15 e. 12th st.  between 5th ave. and university pl.
134|motown cafe|212/581-8030|
136|||40  buckhead crossing mall on the sidney marcus blvd.
138|||22800 pch
139|russian/german||
140|sign of the dove|212-861-8080|
141|californian||
142|michael's (los angeles)|310-451-0843|
143|||322 w. 46th st.
144|peacock alley|212/872-4895|
145|||432 sixth ave.
146|||155 e. 55th st.
148|||1401 ocean ave.
151|abruzzi|404-261-8186|
152|||371 w. 46th st.  off 9th ave.
153|rosa mexicano|212/753-7407|
154|||3 e. 52nd st.
155|||2245 e. flamingo rd.
156|nobu|212-219-0500|
159|||8020 beverly blvd.
160|schatzi on main|310/399-4800|
162|nikolai's roof|404-221-6362|
163|||19 old fulton st.
164|||224 ponce de leon ave.
165|sylvia's|212-996-0660|
166|international||
168|||304 e. 48th st.
169|agrotikon|212/473-2602|
171|||market and new montgomery sts.
173|||106 bayard st.
174|||804 north point st.
175|buccaneer bay club|702-894-7350|
176|lowcountry barbecue|404/255-5160|
178|big cup|212/206-0059|
180|||3345 steiner st.
181|coffee shops/diners||
182|le soleil|415/668-4848|
183|||219 w. broadway  between franklin and white sts.
184|||247 buckhead ave.  east village sq.
185|south city kitchen|404/873-7358|
186|||1031 ponce de leon ave.
188|ritz-carlton cafe (atlanta)|404-659-0400|
189|||246 mcallister st.
191|||73 w. 71st st.
193|fujiyama mama|212/769-1144|
195|||774 ponce de leon ave. ne
196|campo santo|415-433-9623|
198|||33 93 2nd ave.  between 5th and 6th sts.
199|coffee bar||
200|i trulli|212/481-7372|
201|||8909 sunset blvd.
204|||1283 ninth ave.
205|mario's bohemian cigar store cafe|415-776-8226|
207|l'auberge|212/288-8791|
208|||7507 melrose ave.
211|local nochol|818-706-7706|
212|||104 w. 57th st.  near 6th ave.
213|||1147 third st.
215|indian||
216|pho hoa|213-626-5530|
217|||301 park ave.  between 49th and 50th sts.
218|rain|212/501-0776|
222|hedgerose heights inn  the|404-233-7673|
223|tommy's|213-389-9060|
224|||1063 1st ave. at 58th st.
225|sea grill|212/332-7610|
226|||105 hudson st.
227|||2290 peachtree rd.
229|||20 mott st.  between bowery and pell st.
230|vida|213/660-4446|
232|aqua|415-956-9662|
233|teresa's|212/228-0604|
234|||328 lenox ave.
235|||126 clement st.
236|windows on the world|212-524-7000|
238|||1022 3rd ave.  between 60th and 61st sts.
239|arturo's|212/677-3820|
242|||617 s. olive st.
243|plumpjack cafe|415-563-4755|
244|||3300 las vegas blvd. s.
246|monte carlo|702-733-4524|
247|||6301 roswell rd.  sandy springs plaza  sandy springs
248|pricci|404/237-2941|
250|bryant park grill  roof restaurant and bp cafe|212/840-6500|
251|||111 e. 22nd st.  between park ave. s and lexington ave.
253|||133 clement st.
254|steak houses||
255|pan-asian||
256|barbecue kitchen|404-766-9906|
257|||1144 crescent ave.
258|bamboo garden|702/871-3262|
259|||181 peachtree st.
261|||467 columbus ave.  between 82nd and 83rd sts.
263|halcyon|212/468-8888|
264|empress court|702/731-7888|
265|||240 columbus ave.
266|hamburger mary's|415-626-1985|
268|||122 e. 27th st.  between lexington and park aves.
270|granita|310-456-0488|
271|jewel of india|212/869-5544|
272|||2209 polk st.
273|slanted door|415-861-8032|
274|||1191 1st ave.  between 64th and 65th sts.
276|le colonial|212/ 752-0808|
277|||30869 thousand oaks blvd.
279|mulberry st.|818-906-8881|
280|pastis|415/391-2555|
281|mangia e bevi|212/956-3976|
282|||642 broadway
284|french (classic)||
285|ruth's chris steak house (los angeles)|310-859-8744|
286|||100 w. 82nd st.
287|sal anthony's|212/982-9030|
288|suppenkuche|415/252-9289|
290|||2575 beverly blvd.
292|ritz-carlton dining room (buckhead)|404-237-2700|
293|||19 w. 49th st.
294|stingray|212/501-7515|
295|delis||
297|||2 park ave. at 32nd st.
298|||129 n. la cienega blvd.
299|||816 folsom st.
300|||103 1st ave.  between 6th and 7th sts.
302|tse yang|212/688-5447|
303|khan toke thai house|415-668-6654|
304|||107th fl.
306|fiore rotisserie & grille|702-252-7702|
307|carmine's|212-362-2200|
309|||420 e. 59th st.  off 1st ave.
310|bolo|212/228-2200|
312|||1 w. 67th st.
313|abbey|404/876-8532|
314|border grill|310/451-1655|
315|||346 s. la brea ave.
316|||3145 las vegas blvd. s.
317|hot dogs||
318|sterling brunch|702-739-4651|
319|||500 pharr rd.
320|sundown cafe|404/321-1118|
322|||1437 virginia ave.
323|drago|310/828-1585|
324|japanese||
325|carey's corner|770-933-0909|
326|||4850 flamingo rd.
327|cafe roma|702/731-7547|
329|mexican/latin american/spanish||
330|||151 w. 54th st.  in the rihga royal hotel
331|cafe bizou|818-788-3536|
332|johnny rockets (at)|770-955-6068|
333|||3570 las vegas blvd. s
334|mikado|702/791-7111|
335|||1582 folsom st.
336|mo's burgers|415-788-3779|
338|||15 w. 44th st.
340|la reserve|212/247-2993|
341|bizou|415/543-2222|
342|||584 valencia st.
343|caffe dante|212/982-5275|
345|one market|415/777-5577|
346|||149 e. 57th st.
348|lincoln tavern|212/721-8271|
349|||17040 ventura blvd.
351|china grill|212/333-7788|
352|||1015 battery st.
354|splendido embarcadero|415/986-3222|
355|||800 9th ave. at 53rd st.
357|||224 s. beverly dr.
358|coffee shops||
359|||55 irving pl.
360|||601 hayes st.
361|world wrapps|415/563-9727|
362|scandinavian||
364|||428 amsterdam ave.  between 80th and 81st sts.
366|the savannah club|212/496-1066|
367|||777 sutter st.
368|caribbean||
369|21 club|212-582-7200|
370|bernard's|213-612-1580|
373|||67 n. raymond ave.
374|rose pistola|415-399-0499|
375|||34 e. 51st st.
377|water club|212/683-3333|
378|||9570 wilshire blvd.
379|||3700 w. flamingo rd.
380|gramercy tavern|212-477-0777|
382|||12 e. 12th st.
383|||3645 las vegas blvd. s.
384|||163 ponce de leon ave.
386|||168 w. colorado blvd.
387|cafe renaissance|770/441--0291|
388|cha cha cha|213/664-7723|
389|cuban||
390|bradshaw's restaurant|404-261-7015|
391|||2165 cheshire bridge rd.
392|montrachet|212-219-2777|
394|||57 jane st.
395|corner bistro|212-242-9502|
396|||1215 powers ferry rd.
397|||301 n. beverly dr.
398|hard rock cafe|310/276-7605|
400|harold's barbecue|404-627-9268|
402|golden steer|702/384-4470|
404|kelley & ping|212-228-1212|
406|||2970 cobb pkwy.
407|thai||
408|||3400 las vegas blvd. s
409|acquarello|415/567-5432|
410|||1322 grant st.
412|cafe la fortuna|212/724-5846|
414|||4 w. 49th st.
416|||598 fourth st.
418|cypress club|415/296-8555|
419|||81 macdougal st.  between houston and bleeker sts.
420|cafeterias||
421|captain's table|212/697-9538|
422|||1 market st.
424|||51 w. 64th st.
426|||60 w. 53rd st.
427|||2709 main st.
429|diva|212/941-9024|
430|||4
431|thepin|415/863-9335|
435|||2257 chestnut st.
437|apple pan  the|310-475-3585|
440|||2420 broadway at 89th st.
442|||515 s. olive st.
443|daniel|212-288-0033|
445|cassell's|213-480-8668|
446|american (traditional)||
448|||2 harrison st.
449|||500 e. 30th st.
450|latin american||
451|anthonys|404/262-7379|
452|||207 s. beverly dr.
454|lutece|212-752-2225|
455|milan cafe and coffee bar|212/807-1801|
456|diners||
457|||2 e. 55th st.
458|zankou chicken|818-244-1937|
459|||2911 s. pharr court
460|||7050 jimmy carter blvd.  norcross
462|fat matt's rib shack|404/607-1622|
463|eclipse|310/724-5959|
464|||1121 s. western ave.
466|san domenico|212-265-5959|
468|||331 w. fourth st.
469|||1 water st.
470|gray's papaya|212-799-0243|
472|||679 n. spring st.
473|le dome|310/659-6919|
474|||171 mcdonough blvd.
476|||308 w. sahara ave.
478|||127 greene st.
479|||3000 paradise rd.
480|menchanko-tei|212-247-1585|
481|rj's the rib joint|310/274-7427|
484|||1722 sacramento st.
486|cafe marimba|415/776-1506|
487|||69 w. 71st st.
491|||500 jackson st.
493|||860 2nd ave. at 46th st.
494|harbor village|415/781-8833|
495|||435 s. la cienega blvd.
496|vegetarian||
497|columbus bakery|212/421-0334|
500|kuleto's|415/397-7720|
501|||341 w. broadway  near grand st.
503|evergreen cafe|212/744-3266|
504|||298 gough st.
506|nuevo laredo cantina|404-352-9009|
507|patina|213-467-1108|
509|fraunces tavern|212/269-0144|
510|||10801 w. pico blvd.
512|brighton coffee shop|310-276-7732|
517|||3266 w. sixth st.
519|hollywood hills coffee shop|213-467-7678|
520|marichu|212/370-1866|
522|||3109 piedmont rd.  just south of peachtree rd.
524|city grill|404/524-2489|
526|la cachette|310-470-4992|
527|petrossian|212-245-2214|
529|||120 w. 23rd st.
530|odeon|212/233-0507|
531|||1415 e. colorado st.
532|noodle shops||
533|||100 e. 63rd st.
534|||1811 piedmont ave.  near cheshire bridge rd.
536|||201 moreno dr.
537|jack sprat's grill|310/837-6662|
539|union square cafe|212-243-4020|
540|planet hollywood|212/333-7827|
541|||2090 broadway
542|la caridad|212-874-2780|
543|||747 ninth ave.
546|pacific dining car|213/483-6000|
547|||1448 n. gower st.
549|buckhead diner|404-262-3336|
551|||39 w. 55th st.
552|||3393 peachtree rd.
553|palm too|212-697-5198|
555|the mandarin|310/859-0926|
556|||3835 cross creek rd.
558|||2317 chestnut st.
560|fog city diner|415/982-2000|
561|thai house cafe|212-334-1085|
562|ambassador grill|212/702-5014|
563|cajun/creole||
564|||4 embarcadero center
565|buffets||
566|il fornaio levi's plaza|415/986-0100|
567|||53rd sts.
568|duane park cafe|212/732-5555|
569|mi spia dunwoody rd.|770/393-1333|
570|lettuce souprise you (at)|770-418-9969|
571|||221 powell st.
573|l'orangerie|310-652-9770|
574|mccormick & kuleto's|415/929-1730|
575|||1288 1st ave. at 69th st.
577|first|212/674-3823|
579|||1495 chattahoochee ave. nw
580|thelma's kitchen|404-688-5855|
581|||54 pearl st. at broad st.
583|girafe|212/752-3054|
584|||9600 brighton way
585|don antonio's|310-209-1422|
587|dusit thai|415-826-4639|
588|indochine|212/505-5111|
589|||6145 franklin ave.
591|johnny reb's southern smokehouse|310-423-7327|
593|||342 e. 46th st.  between 1st and 2nd aves.
595|morton's|212/972-3315|
597|||50 hurt plaza
598|||10506 little santa monica blvd.
599|maxwell's cafe|310-306-7829|
601|shun lee palace|212-371-8844|
603|||145 w. broadway at thomas st.
604|patria|212/777-6211|
605|delicatessen||
606|||601 s. figueroa st.
608|rae's|310-828-7937|
609|tillerman  the|702-731-4036|
610|||140 w. 57th st.
611|roettelle a. g|212/674-4140|
612|||2199 broadway
613|||2880 las vegas blvd. s.
614|moustache|718-852-5555|
616|||3rd st.
617|roscoe's house of chicken 'n' waffles|213/466-9329|
619|mary mac's tea room|404-876-1800|
620|shaan|212/ 977-8400|
621|||840 second ave.
622|sushisay|212-755-1780|
623|||2637 peachtree rd. ne
626|||937 broadway at 22nd st.
627|adrienne|212/903-3918|
629|||1300 battery st.
630|chez michel|415-775-7036|
631|||151 hudson st.
632|||340 stockton st.
633|andre's french restaurant|702-385-5016|
634|||948 1st ave.  between 52nd and 53rd sts.
635|little szechuan|770/451-0192|
636|ben benson's|212/581-8888|
639|||1265 battery st.
641|le central|415/391-2233|
642|||157 duane st.  between w. broadway and hudson st.
643|piero's restaurant|702-369-2305|
644|||park place  across from perimeter mall  dunwoody
645|sato sushi and thai|770/449-0033|
646|||3525 mall blvd.
648|rainbow restaurant|404-633-3538|
649|||ghirardelli sq.
651|||87 1st ave.  between 5th and 6th sts.
652|frico bar|212/564-7272|
653|bistro|702/791-7111|
655|||764 marietta st. nw
656|caffe greco|415-397-6261|
659|||208 e. 58th st.  between 2nd and 3rd aves.
661|hudson river club|212/786-1500|
662|||1136 westwood blvd.
664|||3221 mission st.
665|la taqueria|415-285-7117|
666|||430 lafayette st.  between 4th st. and astor pl.
668|l'absinthe|212/794-4950|
669|||4663 long beach blvd.
671|langer's|213-483-8050|
672|||551 5th ave. at 45th st.
673|trio cafe|415-563-2248|
674|||13329 washington blvd.
677|parkway grill|818-795-1001|
678|||250 park ave. s at 20th st.
679|post house|212/935-2888|
680|rumpus|415/421-2300|
683|||2901 pico blvd.
684|fast food||
685|georgia grille|404-352-3517|
686|taiko|310-207-7782|
687|||126 e. 7th st.  between 1st ave. and ave. a
688|sarabeth's kitchen|212/496-6280|
689|||405 atlantic ave.
690|||1 margaret mitchell sq.
692|||60 n. venice blvd.
694|alain rondelli|415-387-0408|
695|||57 w. 48th st.
696|tapika|212/ 397-3737|
697|||38 e. 51st st.
698|||41 14th st.
699|westside cottage|212-245-0800|
701|||200-250 vesey st. world financial center
703|arizona|212/838-0440|
705|||12969 ventura blvd.
706|||545 post st.
707|mifune|415-922-0337|
708|||401 s. 6th st.
710|michael's (las vegas)|702-737-7111|
711|||c buford hwy.  northwoods plaza  doraville
712|pleasant peasant|404/874-3223|
715|bruno|212/688-4190|
716|||103 waverly pl.  near washington sq.
718|||453 bush st.
720|||355 convention center dr.
722|baker's cajun cafe|404-223-5039|
723|||6050 peachtree pkwy.  norcross
724|bally's big kitchen|702/739-4111|
725|||2118 n. decatur rd.
728|||402 w. 43rd st.  off 9th ave.
731|circus circus|702/734-0410|
732|||423 columbus ave.
733|eric's chinese restaurant|415-282-0919|
735|||4 world financial center
737|fenix at the argyle|213-848-6677|
738|jean lafitte|212/751-2323|
739|||2889 mission st.
740|san francisco bbq|415-431-8956|
741|greek and middle eastern||
742|||227 e. 67th st.
744|le chantilly|212/751-2931|
745|||704 s. alvarado st.
747|||1870 fillmore st.
748|pane e vino|415/346-2111|
750|main street|212/873-5025|
751|||510 s. arroyo pkwy.
753|russell's burgers|310-596-9556|
754|||28 e. 63rd st.
755|||1 tillman pl.
756|straits cafe|415/668-1783|
758|||11677 san vicente blvd.
760|||423 amsterdam ave.  between 80th and 81st sts.
761|stage deli|212/245-7850|
765|||8638 w. third st.
766|||2316 polk st.
767|||950 8th ave. at 56th st.
769|trois jean|212/988-4858|
770|hawthorne lane|415-777-9779|
771|||689 ninth ave.
773|cafe des artistes|212-877-3500|
775|||1393a 2nd ave.  between 72nd and 73rd sts.
776|boca chica|212/473-0108|
778|||201 w. 83rd st.
779|zoe|212/966-6722|
781|bistro garden|310/550-3900|
782|||3rd st. promenade
783|||3595 las vegas blvd. s.
785|stefano's|702-385-7111|
786|||555 peachtree st.  at linden ave.
788|||33 w. 55th st.
789|||1134 euclid ave.
790|dive!|310/788-|
792|carey's|770-422-8042|
793|||3645 las vegas blvd. s
794|cafe michelle|702/735-8686|
797|bel-air hotel|310-472-1211|
799|java jive|404-876-6161|
800|||2880 las vegas blvd. s
801|mary's diner|702/454-8073|
802|||1500 church st.
804|||68 w. 58th st.
806|l'udo|212/388-0978|
807|bix|415/433-6300|
808|||1328 18th st.
809|cafe fes|212/924-7653|
810|wa-ha-ka oaxaca mexican grill|415-775-1055|
811|||
812|||106 e. 57th st.
814|les halles|212/679-4111|
815|southwestern||
816|chiam|212/371-2323|
817|||3011 steiner st.
819|south park cafe|415/495-7275|
820|||446 columbus ave.  between 81st and 82nd sts.
822|||1198 pch
824|||9560 dayton way
826|||3300 geary blvd.
827|vivande ristorante|415/673-9245|
830|||834 7th ave.  between 53rd and 54th sts.
832|the coffee pot|212/265-3566|
833|benita's frites|310-458-2889|
834|yujean kang's|818-585-0855|
836|chicken||
837|||3115 pico blvd.
838|||154 e. 79th st.  between lexington and 3rd aves.
840|ritz-carlton dining room (san francisco)|415-296-7465|
841|vong|212/486-9592|
842|||2930 beverly glen circle
843|french bistro||
844|gotham bar & grill|212-620-4020|
845|||99 e. 52nd st.
846|||129 fremont st.
847|||90 prince st.  between broadway and mercer st.
849|||310 n. larchmont blvd.
850|bistango|404/724-0901|
851|cava|213/658-8898|
853|bobby & june's kountry kitchen|404-876-3872|
854|mi cocina|212-627-8273|
856|||102 fifth ave.
857|cafe con leche|212-595-7000|
858|||1021 cobb pkwy. se
859|||2020 ave. of the stars
860|hsu's gourmet|404/659-2788|
861|gladstone's|310/454-3474|
863|greenwood's|770-992-5383|
864|||1350 e. flamingo rd.
865|golden nugget hotel|702/385-7111|
867|john's pizzeria|212-721-7001|
868|nate 'n' al's|310/274-0101|
869|||790 ponce de leon ave.
870|polish||
871|||5111 w. boulder hwy.
872|2223|415/431-0692|
874|cafe botanica|212/484-5120|
876|||432 lafayette st.  near astor pl.
877|||56 gold st.
879|||246 w. 4th st. at charles st.
880|chevys|415/543-8060|
881|||2141 polk st.
882|spanish||
883|capsouto freres|212/966-4900|
885|||411 park ave. s  between 28th and 29th sts.
887|||160 e. 48th st.
888|helmand|415/362-0641|
889|||624 s. la brea ave.
891|dean & deluca|212/254-8776|
892|||108 south park
893|the heights|415/474-8890|
896|fifty seven fifty seven|212/758-5757|
897|||670 golden gate ave.
901|||350 9th ave. at 49th st.
902|||1433 third st. promenade
903|cafe blanc|310-888-0108|
904|chanterelle|212-966-6960|
908|||200 e. 54th st.
910|annie's thai castle|404/264-9546|
911|||700 w. fifth st.
913|jody maroni's sausage kingdom|310-306-1995|
914|lespinasse (new york city)|212-339-6719|
915|mavalli palace|212/679-5535|
917|||155 w. 58th st.
918|water grill|213-891-0900|
919|||375 14th st.
920|||1100 peachtree st.
922|||134 n. la cienega
923|dante's down the hatch|404/577-1800|
924|dynasty room|310/208-8765|
925|river cafe|718-522-5200|
926|||424 amsterdam ave.
927|pacifica|212/941-4168|
929|||30 rockefeller plaza
930|good enough to eat|212-496-0163|
931|||192 peachtree center ave.  at international blvd.
933|||4500 los feliz blvd.
934|le colonial|310/289-0660|
935|||1087 green st.
938|le montrachet bistro|702-732-5651|
940|||48 w. 65th st.
941|||3799 las vegas blvd. s.
942|marnie's noodle shop|212-741-3214|
944|prego|310/277-7346|
947|||2223 market st.
949|cafe adriano|415/474-4180|
950|||160 central park s
952|sam's noodle shop|212-213-2288|
955|||4th and howard sts.
957|greens|415/771-6222|
958|||451 washington st.  near watts st.
959|coco pazzo|212/794-0205|
961|||430 broadway
963|katia's|415/668-9292|
964|||121 prince st.
966|ernie's|212/496-1588|
967|||3235 sacramento st.
969|nava|404-240-1984|
970|palm  the (los angeles)|310-550-8811|
971|||57 e. 57th st.
973|follonico|212/691-6359|
974|brent's deli|818-886-5679|
977|white house restaurant|404-237-7601|
978|mexican/tex-mex||
980|||9777 little santa monica blvd.
981|russian||
982|gumbo pot  the|213-933-0358|
984|manila garden|212/777-6314|
986|||3195 roswell rd.
989|||2011 ocean front walk
990|park avenue cafe (new york city)|212-644-1900|
991|koo koo roo|213-655-9045|
993|||46 e. 29th st.
994|newsbar|212/255-3996|
995|||544 s. grand ave.
996|desserts||
997|||55 e. 54th st.
998|||underground underground mall  underground atlanta
1000|||439 n. beverly drive
1001|uncle nick's|212-245-7992|
1003|||138 lafayette st.  between canal and howard sts.
1004|persepolis|212/535-1100|
1005|||483 amsterdam ave.
1006|kuruma zushi|212-317-2802|
1007|||central park west
1009|ukrainian||
1010|orleans|310/479-4187|
1011|||10001 riverside dr.
1013|brasserie le coze|404-266-1440|
1015|||466 hudson st.
1016|palm|212-687-2953|
1017|||3130 piedmont rd. ne
1020|||7313 melrose ave.
1021|tavola calda|213/658-6340|
1023|||3347 fillmore st.
1025|||411 third ave.
1026|teresa's|718-520-2910|
1027|||3434 peachtree rd. ne
1029|alley's end|212/627-8899|
1030|sandwiches||
1031|||bldg. a fort mason
1033|hyde street bistro|415/441-7778|
1034|||23 e. 74th st.
1035|mckinnon's louisiane|404/237-1313|
1037|la fonda latina|404-303-8201|
1038|||600 5th ave.
1040|katsu|213-665-1891|
1041|maykadeh|415/362-8286|
1042|||2150 broadway  between 75th and 76th sts.
1044|firehouse|212/595-3139|
1046|||3060 peachtree rd.
1047|soto|404-233-2005|
1048|only in las vegas||
1049|||6 w. 24th st.
1051|gianni's|212/608-7300|
1052|||19565 parthenia ave.
1054|||3172 peachtree rd. ne
1055|dottie's true blue cafe|415-885-2767|
1057|inca grill|212/966-3371|
1058|||6333 w. third st.
1060|johnnie's pastrami|310-397-6654|
1062|||325 e. 14th st.  between 1st and 2nd aves.
1065|||8393 w. beverly blvd.
1068|martha's|310-376-7786|
1069|||2 w. 19th st.
1070|parioli romanissimo|212/288-2391|
1074|steak house  the|702-734-0410|
1075|r-23|213-687-7178|
1076|||1423 2nd ave.  between 74th and 75th sts.
1077|republic|212/627-7172|
1078|||2nd fl.
1079|||200 e. fremont st.
1081|||3110 main st.
1082|restaurant horikawa|213/680-9355|
1084|la grotta|404-231-1368|
1086|sfuzzi|212/873-3700|
1087|||837 second ave.
1088|||1397 n. highland ave.
1089|stick to your ribs|718-937-3030|
1090|and 212/614-9345 asian||
1092|||322 e. 14 st.  between 1st and 2nd aves.
1093|9 jones street|212/989-1220|
1095|campton place|415-955-5555|
1096|||80 montague st.
1097|||7 claude ln.
1098|zarela|212-644-6740|
1099|||228 8th ave.  between 21st and 22nd sts.
1100|la grotta at ravinia dunwoody rd.|770/395-9925|
1102|barbetta|212/246-9171|
1104|||1521 hyde st.
1106|l'osteria del forno|415/982-1124|
1108|nicky blair's|702-792-9900|
1109|||3209 maple dr.
1110|sa tsu ki|404/325-5285|
1111|||4427 roswell rd.
1112|cafe bianco|212/988-2655|
1114|||470 green st.
1116|||522 columbus ave.  between 85th and 86th sts.
1117|french roast cafe|212/799-1533|
1118|binion's coffee shop|702/382-1600|
1119|||3330 piedmont rd.
1120|cafe flore|415-621-8579|
1123|||15 fulton st.
1125|home|212/243-9579|
1127|||522 jones st.
1128|la mediterranee|415-431-7210|
1129|||492 broome st.  near w. broadway
1131|judson grill|212/582-5252|
1132|||4017 s. sepulveda blvd.
1134|la serenata de garibaldi|213-265-2887|
1135|ti couz|415-252-7373|
1136|le madri|212/727-8022|
1137|||22nd street grill 25 22nd
1140|original pantry bakery|213-627-6879|
1141|||24 e. 81st st.
1142|popover cafe|212/595-8555|
1143|rubicon|415/434-4100|
1145|||923 e. third st.
1147|delectables|404-681-2909|
1148|sweet lady jane|213-653-7145|
1149|||37a union sq. w  between 16th and 17th sts.
1150|sant ambroeus|212/570-2211|
1151|nuova cucina italian||
1153|||1930 north hillhurst ave.
1154|veni vidi vici|404-875-8424|
1155|||58 w. 65th st.
1156|tang pavillion|212/956-6888|
1157|||5-16 51st ave.
1158|||293-b peachtree rd.
1159|veselka|212-228-9682|
1161|||106 w. houston st.  off thompson st.
1162|anche vivolo|212/308-0112|
1164|||1001 n. alameda st.
1165|||3127 fillmore st.
1166|veniero's pasticceria|212/674-7264|
1167|masa's|415-989-7154|
1168|||953 second ave.
1170|mayflower cuisinier|702-870-8432|
1171|||holiday inn/crowne plaza at ravinia  dunwoody
1172|tex-mex||
1174|palisades|404/350-6755|
1175|brothers bar-b-q|212/727-2775|
1176|||25 w. 40th st.  between 5th and 6th aves.
1178|||519 columbus ave.
1179|ca'del sol|818/985-4669|
1180|||3925 paradise rd.
1182|alon's at the terrace|404-724-0444|
1183|||3043 buford hwy.
1184|antonio's|702/252-7737|
1187|||2340 broadway at 85th st.
1188|deacon burton's soulfood restaurant|404-523-1929|
1189|||128 fremont st.
1190|center stage plaza hotel|702/386-2512|
1191|||2298 market st.
1192|emerald garden restaurant|415-673-1155|
1194|||20 cornelia st.  between bleecker and w. 4th st.
1196|citrus|213-857-0034|
1197|ipanema|212/730-5848|
1198|art's deli|818-762-1221|
1199|the bacchanal|702/731-7525|
1200|||288 noe st.
1201|sally's cafe & bakery|415-626-6006|
1203|||152 w. 52nd st.
1205|layla|212/431-0700|
1206|||1842 e. first
1207|||3108 16th st.
1208|caffe reggio|212/475-9557|
1209|palio d'asti|415/395-9800|
1210|||168 w. 18th st.
1212|mad fish|212/787-0202|
1213|||875 s. figueroa st. downtown
1215|ruby's (la)|818-796-7829|
1216|||551 amsterdam ave.  between 86th and 87th sts.
1217|||558 sacramento st.
1218|stoyanof's cafe|415/664-3664|
1220|||8360 melrose ave.
1222|||1000 madison ave.  between 77th and 78th sts.
1223|spring street natural restaurant & bar|212/966-0290|
1224|yaya cuisine|415/566-6966|
1228|||8284 melrose ave.
1229|||5937 geary blvd.
1230|||65 w. 55th st.
1232|tribeca grill|212/941-3900|
1233|fringale|415-543-0573|
1234|||144 second ave.
1235|cafe lalo|212-496-6031|
1237|||23 e. 22nd st.
1239|||34 e. 61st st.
1240|zen palate|212/614-9291|
1241|||342 e. 11th st.  near 1st ave.
1243|beaurivage|310/456-5733|
1244|||4th st.
1245|||4750 w. sahara ave.
1246|greek||
1247|steakhouse  the|702-382-1600|
1248|||1829 peachtree rd.
1249|la caravelle|212-586-4252|
1251|||160 e. 64th st.
1252|||659 peachtree st.
1253|||2628 wilshire blvd.
1254|dining room|310/275-5200|
1256|canoe|770-432-2663|
1257|||3700 w. flamingo
1258|bugsy's diner|702/733-3111|
1260|darbar|212-432-7227|
1262|||1029 edgewood ave. se
1264|indian delights|100-813-8212|
1265|||1 main st.
1266|margarita's mexican cantina|702/794-8200|
1267|||1550 california st.
1270|||13 w. 46th st.
1273|bistro roti|415/495-6500|
1274|||300 de haro st.
1275|cafe centro|212/818-1222|
1276|vicolo pizzeria|415-863-2382|
1278|||211 w. broadway at franklin st.
1280|le select|212/875-1993|
1281|||119 macdougal st.  between 3rd and bleecker sts.
1283|chez jacqueline|212/505-0727|
1284|||640 sacramento st.
1286|scala's bistro|415/395-8555|
1287|||2182 broadway  between 77th and 78th sts.
1289|||45 s. fair oaks ave.
1291|||23725 w. malibu rd.
1293|||1240 9th ave.
1294|vivande porta via|415/346-4430|
1298|||62 spring st. at lafayette st.
1300|||1220 9th ave.
1301|valentino|310-829-4313|
1303|belvedere  the|310-788-2306|
1305|||8795 sunset blvd.
1306|||375 greenwich st.  near franklin st.
1308|vince & eddie's|212/721-0068|
1309|||532 columbus ave.
1310|four seasons|212-754-9494|
1313|||243 e. 58th st.
1314|||128 e. fremont st.
1315|||34 union sq. e at 16th st.
1317|||656 n. virgil ave.
1318|bertolini's|404/233-2333|
1319|canter's|213/651-2030.|
1321|mesa grill|212-807-7400|
1323|||405 e. 58th st.
1324|benny's burritos|212-254-2054|
1325|||4199 paces ferry rd.
1327|||8600 beverly blvd.
1328|horseradish grill|404/255-7277|
1329|gilliland's|310/392-3901|
1331|frijoleros|404-892-8226|
1332|||3555 las vegas blvd. s
1334|||44 w. 56th st.
1335|joe's shanghai|718-539-3838|
1336|||11 e. 53rd st.
1337|morton's|310/276-5205|
1338|||3675 satellite blvd.
1340|||3120 las vegas blvd. s
1341|yolie's|702/794-0700|
1345|||155 steuart st.
1347|||201 ivy st.
1348|carta|415/863-3516|
1349|||200 park ave.  between 45th st. and vanderbilt ave.
1350|coffeehouses||
1351|caffe bondi ristorante|212/691-8136|
1353|||507 columbus ave.  between 84th and 85th sts.
1356|||72 macdougal st.  between w. houston and bleecker sts.
1357|hayes street grill|415/863-5545|
1358|||14016 ventura blvd.
1360|da nico|212/343-1212|
1361|||432 powell st.
1364|ferrier|212/772-9000|
1365|||2125 fillmore st.
1367|zuni cafe & grill|415/552-2522|
1370|rex il ristorante|213-627-2300|
1372|||9882 little santa monica blvd.
1374|cafe '50s|310-399-1955|
1377|||70 w. 68th st.
1379|aleck's barbecue heaven|404/525-2062|
1381|les celebrites|212-484-5113|
1382|jiraffe|310-917-6671|
1383|matthew's|212/838-4343|
1385|||155 w. 51st st.
1386|||3500 peachtree rd.  phipps plaza
1388|||8800 melrose ave.
1389|dante's down the hatch  buckhead|404/266-1600|
1390|drai's|310/358-8585|
1391|rainbow room|212-632-5000|
1393|otabe|212/223-7575|
1394|||93 ave. a
1395|||95 ave. a
1396|elias corner|718-932-1510|
1397|||4320 powers ferry rd.
1399|||8720 sunset blvd.
1400|joss|310/276-1886|
1401|||1031 peachtree st. ne
1403|coyote cafe (las vegas)|702-891-7349|
1405|||9 pell st.
1406|||3200 las vegas blvd. s.
1407|lombardi's|212-941-7994|
1408|posto|818/784-4400|
1410|||252 n. beverly dr.
1412|||3900 paradise rd.
1414|buca giovanni|415/776-7766|
1416|rose of india|212-533-5011|
1417|trader vic's|310/276-6345|
1419|||1772 market st.
1421|grand cafe hotel monaco|415/292-0101|
1422|||7 w. 20th st.
1423|cite|212/956-7100|
1424|||320 hayes st.
1426|kabuto sushi|415/752-5652|
1427|||164 mulberry st.  between grand and broome sts.
1429|empire korea|212/725-1333|
1431|my thai|404-636-4280|
1432|matsuhisa|310-659-9639|
1433|north india|415/931-1556|
1434|||29 e. 65th st.
1436|flowers|212/691-8888|
1437|||1658 market st.
1438|bistro 45|818-795-2478|
1441|veggieland|404-231-3111|
1443|grand ticino|212/777-5922|
1444|||838 lincoln blvd.
1446|feast from the east|310-475-0400|
1448|manhattan cafe|212/888-6556|
1450|||783 martin luther king jr. dr.
1451|or 415/982-3811 asian||
1452|||502 santa monica blvd
1453|oceana|212-759-5941|
1454|kokomo cafe|213-933-0773|
1456|||1030 3rd ave. at 61st st.
1457|new york noodletown|212/349-0923|
1459|||3380 peachtree rd.
1461|||10668 w. pico blvd.
1462|tavern on the green|212-873-3200|
1464|mo better meatty meat|213-935-5280|
1465|||68 e. 56th st.
1466|penang soho|212/274-8883|
1467|||24-02 31st st.
1468|kiev|212-674-4040|
1469|||797 third ave.
1471|ocean avenue|310/394-5669|
1472|||6th st.
1474|bone's restaurant|404-237-2663|
1475|s.p.q.r|212/925-3120|
1477|||32 spring st.
1478|||3125 piedmont rd.
1479|oyster bar|212-490-6650|
1482|swingers|213/653-5858|
1483|||430 n. camden dr.
1485|||800 greenwich st.
1486|ritz-carlton cafe (buckhead)|404-237-2700|
1487|||308 e. sixth st.
1488|||1232 w. paces ferry rd.
1489|szechuan kitchen|212-249-4615|
1490|dive american||
1491|alamo|212/ 759-0590|
1492|||1 united nations plaza at 44th st.
1494|||501 geary st.
1496|hong kong villa|415/752-8833|
1497|||120 w. 51st st.
1498|emeril's new orleans fish house|702-891-7374|
1499|mambo restaurante cubano|404/874-2626|
1501|kalo's coffee house|404-325-3733|
1502|||5116 geary blvd.
1504|manora|415/861-6224|
1505|||6 e. 32nd st.
1506|fiorello's roman cafe|212/595-5330|
1508|stringer's fish camp and oyster bar|770/458-7145|
1509|||1248 clairmont rd.
1510|silver skillet  the|404-874-1388|
1511|||3131 webster st.
1513|||21 west 17th st.  between 5th and 6th aves.
1515|gallagher's|212/245-5336|
1516|||45 s. mentor ave.
1518|||220 sandy springs circle
1519|doidge's|415-921-2149|
1520|||228 thompson st.  between w. 3rd and bleecker sts.
1522|il nido|212/753-8450|
1523|||1949 westwood blvd.
1525|john o'groats|310-204-0692|
1526|||1161 1st ave.  between 63rd and 64th sts.
1527|or 212/941-0772 american||
1528|mel's drive-in|415-387-2244|
1533|mani's bakery & espresso bar|213-938-8800|
1534|||28 1/2 bowery at bayard st.
1535|pamir|212/644-9258|
1538|||7261 melrose ave.
1540|poquito mas|818-563-2252|
1541|second street grill|702-385-6277|
1542|||109 spring st.  between greene and mercer sts.
1543|remi|212/581-4242|
1544|||117 second ave.
1545|||3570 las vegas blvd. s.
1547|||1514 n. gower st.
1549|indigo coastal grill|404-876-0676|
1551|||133 mulberry st.  between hester and grand sts.
1552|seventh regiment mess and bar|212/744-4107|
1553|||lower level
1554|||595 piedmont ave.
1555|sparks steak house|212-687-4855|
1558|20 mott|212/964-0380|
1559|||700 5th ave. at 55th st.
1561|cafe claude|415-392-3505|
1562|||1460 first ave.
1563|||1 mission st.
1564|yama|212-475-0969|
1565|||123 w. 52nd st.
1567|kamogawa|404/841-0314|
1569|bar anise|212/355-1112|
1571|||2332 clement st.
1575|morton's of chicago (las vegas)|702-893-0703|
1576|||1402 n. highland ave.
1577|rib ranch|404/233-7644|
1580|ct|212/995-8500|
1582|||3226 mission st.
1584|||1900 broadway  between 63rd and 64th sts.
1585|||3384 shallowford rd.  chamblee
1586|bertolini's|702/735-4663|
1587|||200 14th st. nw
1588|bill's place|415-221-5262|
1591|||228 w. 52nd st.
1593|hi-life restaurant and lounge|212/249-3600|
1595|||2217 union st.
1596|la cumbre|415-863-8205|
1598|||251 e. 53rd st.
1600|joe allen|212/581-6464|
1601|||10516 w. pico blvd.
1603|||3355 geary st.
1604|thep phanom|415-431-2526|
1606|le jardin|212/343-9599|
1607|||519 s. fairfax ave.
1610|ocean star|818-308-2128|
1611|||1065 1st ave.  at 58th st.
1612|r&g lounge|415/982-7877|
1613|||2635 w. olive ave.
1616|sushi nozawa|818-508-7017|
1617|||145 w. 53rd st.
1618|san pietro|212/753-9015|
1622|toulouse|404-351-9533|
1623|||643 park ave. at 66th st.
1624|t salon|212/925-3700|
1625|||210 e. 46th st.
1628|||206 206 e. 60th st.
1629|american place|212/684-2122|
1631|||5955 melrose ave.
1632|||1737 post st.
1634|two two two|212/799-0400|
1635|lulu restaurant-bis-cafe|415-495-5775|
1636|||122 e. 17th st.
1638|madame ching's|702-894-7111|
1639|||3300 peachtree rd.  grand hyatt
1641|bouterin|212/758-0323|
1643|||240 e. 58th st.
1645|||854 seventh ave.
1646|ca'brea|213/938-2863|
1649|103 west|404-233-5993|
1650|||25 irby ave.
1651|tomtom|404/264-1163|
1655|chopstix|404-255-4868|
1657|carnival world|702/252-7777|
1658|||2315 clement st.
1660|||1340 1st ave. at 72nd st.
1662|chinois on main|310-392-9025|
1663|internet cafe|212/ 614-0747|
1664|ralph's diner|702/732-6330|
1665|||515 valencia st.
1666|roosevelt tamale parlor|415-550-9213|
1668|||326 w. 46th st.
1670|lattanzi ristorante|212/315-0980|
1671|||400 waller st.
1672|caffe lure|212/473-2642|
1673|pacific pan pacific hotel|415/929-2087|
1674|||25 cleveland pl.  near spring st.
1676|lucky strike|212/941-0479|
1677|||145 n. atlantic blvd.
1679|rubin's red hots|818-905-6515|
1681|||631 b kearny st.
1683|stars cafe|415/861-4344|
1684|||11288 ventura blvd.
1686|||18 e. 54th st.
1687|sofia fabulous pizza|212/734-2676|
1688|yank sing|415/541-4949|
1691|||903 n. la cienega blvd.
1692|||143 mercer st. at prince st.
1694|||22 hawthorne st.
1695|triangolo|212/472-4488|
1696|fleur de lys|415-673-7779|
1698|aureole|212-319-1660|
1700|||13 1st ave.  near 1st st.
1701|||13 w. 54th st.
1702|xunta|212/614-0620|
1703|||222 w. 79th st.
1705|barney greengrass|310/777-5877|
1707|||176 n. canon dr.
1709|spago (las vegas)|702-369-6300|
1710|jo jo|212-223-5656|
1711|cajun||
1712|||402 w. 44th st.
1713|||103 w. paces ferry rd.
1714|cassis|404/365-8100|
1715|clearwater cafe|818/356-0959|
1716|||10250 santa monica blvd.
1718|cafe sunflower|404-256-1675|
1720|broiler|702/432-7777|
1722|cucina di pesce|212-260-6800|
1723|||4279 roswell rd.
1724|il fornaio cucina italiana|310/550-8330|
1725|arnie morton's of chicago|310-246-1501|
1727|house of chan|770-955-9444|
1729|mandarin court|702/737-1234|
1732|||82 e. 3rd st.  between 1st and 2nd aves.
1733|||3000 las vegas blvd. s
1734|betelnut|415/929-8855|
1735|||2817 24th st.
1736|cafe pierre|212/940-8185|
1737|tu lan|415-626-0927|
1738|old san francisco||
1739|||361 w. 46th st.
1741|le perigord|212/755-6244|
1742|faz|415/362-0404|
1743|||169 sullivan st.  between houston and bleecker sts.
1745|cendrillon asian grill & marimba bar|212/343-9012|
1746|||500 post st.
1748|sanppo|415/346-3486|
1749|||59 grand st.  between wooster st. and w. broadway
1751|||15322 ventura blvd.
1752|||8358 sunset blvd.
1754|docks|212/ 986-8080|
1755|||500 van ness ave.
1756|vertigo|415/433-7250|
1760|||1022 madison ave.  near 79th st.
1761|||427 battery st.
1763|baja fresh|805-498-4049|
1764|spago (los angeles)|310-652-4025|
1766|||345 e. 83rd st.
1768|victor's cafe|212/586-7714|
1769|||600 stockton st.
1771|diaghilev|310-854-1111|
1772|felidia|212-758-1479|
1774|||210 e. 58th st.
1775|||3500 las vegas blvd. s.
1776|||174 1st ave.  between 10th and 11th sts.
1778|beesley's of buckhead|404/264-1334|
1779|california pizza kitchen|310/275-1101|
1781|march|212-754-6272|
1782|montien|212/421-4433|
1784|||57 w. 58th st.
1785|arcadia|212-223-2900|
1786|||5975 roswell rd.
1789|el cholo|213/734-2773|
1790|holt bros. bar-b-q|770/242-3984|
1791|||4 fish 17300 pacific coast hwy. at sunset blvd.
1793|flying biscuit  the|404-687-8888|
1794|||4111 boulder hwy.
1795|seryna|212-980-9393|
1797|||87 e. fourth st.
1798|||156 second ave.
1799|jackson diner|718-672-1232|
1800|||414 n. beverly dr.
1801|mon kee seafood restaurant|213/628-6717|
1802|||2469 cobb pkwy.
1804|||1510 e. flamingo rd.
1805|viva mercado's|702/871-8826|
1807|monsoon (ny)|212-580-8686|
1810|||2030 union st.
1812|||8 sixth st.
1813|capp's corner|415/989-2589|
1814|||2 e. 61st st.
1816|caffe vivaldi|212/691-7538|
1818|||405 e. 52nd st.
1820|||161 sutter st.
1822|||45 mercer st.  between broome and grand sts.
1823|harry denton's|415/882-1333|
1824|||701 stone canyon rd.
1826|cupcake cafe|212/465-1530|
1827|||1702 post st.
1829|||633 3rd ave. at 40th st.
1831|felix|212/431-0021|
1832|||600 montgomery st.
1833|zarzuela|415/346-0800|
1835|palm  the (atlanta)|404-814-1955|
1837|pinot bistro|818-990-0500|
1839|||3345 kimber dr.
1840|bruno's|310-397-5703|
1845|||52 236 w. 52nd st.
1847|||1020 n. san vicente blvd.
1849|jan's family restaurant|213-651-2866|
1850|le bernardin|212-489-1515|
1851|match|212/906-9173|
1853|||60 w. 55th st.
1854|||260 e. paces ferry road
1855|eastern european||
1856|colonnade restaurant|404/874-5642|
1857|||930 hilgard ave.
1858|pisces|212-260-6660|
1860|||1134 1st ave.   between 62nd and 63rd sts.
1861|osteria al droge|212/944-3643|
1862|||21 e. 62nd st.
1863|||35 w. 64th st.
1865|edison cafe|212-840-5000|
1866|||6359 jimmy carter blvd.  at buford hwy.  norcross
1868|||8783 beverly blvd.
1869|jimmy's|310/552-2394|
1870|||1655 mclendon ave.
1872|chin's|702-733-8899|
1874|||37-03 74th st.
1875|lemongrass grill|718-399-7100|
1876|||152 w. 44th st.
1879|pinot hollywood|213/461-8800|
1880|||362 n. camden dr.
1882|||6182 w. flamingo rd.
1885|||435 amsterdam ave.
1886|peter luger steak house|718-387-7400|
1887|||1529 piedmont ave.
1889|tra di noi|310/456-0169|
1891|||1600 powell st.
1893|gaylord's|415/771-8822|
1894|||32 jones st. at bleecker st.
1896|||161 steuart st.
1898|jack's|415/986-9854|
1899|||522 9th ave. at 39th st.
1901|emily's|212/996-1212|
1903|morton's of chicago (atlanta)|404-577-4366|
1905|locanda veneta|310-274-1893|
1906|moose's|415/989-7800|
1907|||340 w. broadway at grand st.
1909|fleur de jour|212/355-2020|
1910|||2000 hyde st.
1912|||3391 peachtree rd. ne
1914|van gogh's restaurant & bar|770-993-1156|
1916|golden unicorn|212/ 941-0911|
1917|||3838 centinela ave.
1919|falafel king|310-208-4444|
1922|||8424 beverly blvd.
1924|killer shrimp|818-508-1570|
1926|||160 mercer st.  between houston and prince sts.
1927|new york kom tang soot bul house|212/ 947-8482|
1929|||1879 cheshire bridge rd.
1931|mishima|213-782-0181|
1933|smith & wollensky|212-753-1530|
1935|||142 w. 44th st.
1936|pen & pencil|212/682-8660|
1937|||228 w. 47th st.
1938|||1110 third ave.
1940|nicola|213/485-0927|
1941|||11705 national blvd.
1944|bacchanalia|404-365-0410|
1945|ruth's chris|212/245-9600|
1946|||61a seventh ave.
1947|one if by land  tibs|212-228-0822|
1948|||2355 peachtree rd. ne
1951|||7371 melrose ave.
1952|sofi|213/651-0346|
1954|pano's & paul's|404-261-3662|
1955|||178 broadway
1956|szechuan hunan cottage|212-535-5223|
1957|||255 courtland st.
1959|||311 w. 17th st.
1960|aja|212/473-8388|
1964|hong kong flower lounge|415/668-8998|
1965|buzio's in the rio|702-252-7697|
1966|luna si|404/355-5993|
1967|billy's|212/753-1870|
1969|||615 sacramento st.
1971|macarthur park|415/398-5700|
1972|||1325 5th ave. at 111th st.
1973|film center cafe|212/ 262-2525|
1974|south of france|404/325-6963|
1975|||303 peachtree st. ne
1976|riviera|404-262-7112|
1977|||1652 stockton st.
1979|||348 e. 62nd st.
1980|cambodian||
1981|gabriela's|212/961-0574|
1983|||70 w. crossville rd.
1984|cha cha cha's|415-386-5758|
1985|||18 e. broadway at catherine st.
1987|il cortile|212/226-6060|
1988|||1059 broxton ave.
1990|joe's|310-399-5811|
1992|marnee thai|415-665-9500|
1993|l'auberge du midi|212/242-4705|
1994|||4000 colfax ave.
1996|main course  the|310-475-7564|
1997|pacific rim||
1998|||32 w. 32nd st.
1999|palio|212/245-4850|
2001|||8474 w. third st.
2003|palace court|702-731-7110|
2004|pink's famous chili dogs|213-931-4223|
2005|||205 e. 45th st.
2006|red tulip|212/734-4893|
2008|||111 s. san pedro st.
2009|heera of india|404-876-4408|
2011|uncle bill's pancake house|310-545-5177|
2012|||148 w. 51st st.
2013|serendipity|212/838-3531|
2014|||17 barrow st.
2015|sarabeth's|212-410-7335|
2016|||490 e. paces ferry rd. ne
2018|||9 jones st.
2019|west beach cafe|310/823-5396|
2021|boulevard|415-543-6084|
2022|terrace|212/666-9490|
2023|||1588 york ave.
2024|||252 california st.
2025|wollensky's grill|212-753-0444|
2026|||321 w. 46th st.
2028|imperial fez|404/351-0870|
2030|au mandarin|212/385-0313|
2032|||5322 geary blvd.
2033|postrio|415-776-7825|
2036|moongate|702-791-7352|
2037|||1931 peachtree rd.
2038|r.j.'s uptown kitchen & wine bar|404/875-7775|
2040|c3|212/254-1200|
2041|||1486 2nd ave.  between 77th and 78th sts.
2043|||607 front st.
2045|||635 9th ave.  between 44th and 45th sts.
2046|bistro  the|404-231-5733|
2047|||2345 cheshire bridge rd.
2048|battista's hole in the wall|702/732-1424|
2049|||519 e. paces ferry rd.
2050|zab-e-lee|404-768-2705|
2052|||685 amsterdam ave. at 93rd st.
2054|hard rock cafe|212/489-6565|
2055|feast|702/367-2411|
2056|||1805 haight st.
2058|kelly's on trinity|415-362-4454|
2060|||125 mulberry st.  between canal and hester sts.
2062|grill  the|310-276-0615|
2063|jimmy sung's|212/682-5678|
2064|||1023 abbot kinney blvd.
2065|||2225 irving st.
2066|swan oyster depot|415-673-1101|
2067|||310 w. 4th st.  between w. 12th and bank sts.
2069|le gamin|212/254-4678|
2070|||10509 w. pico blvd.
2072|ocean park cafe|310-452-5728|
2073|||151 w. 51st. st.
2074|perry's|415/922-9022|
2075|||709 n. la brea ave.
2078|shiro|818-799-4774|
2079|||439 e. 75th st.
2080|sammy's roumanian steak house|212/673-0330|
2081|tadich grill|415/391-2373|
2084|||1305 highland ave.
2086|ritz-carlton restaurant|404-659-0400|
2087|||3 225 e. 60th st.
2088|sweet'n'tart cafe|212/334-8088|
2089|||1295 madison ave.
2092|||222 e. 58th st.  between 2nd and 3rd aves.
2094|||9001 santa monica blvd.
2095|||648 bush st.
2096|||400 w. 119th st.  between amsterdam and morningside aves.
2098|turkish kitchen|212/679-1810|
2099|la folie|415-776-5577|
2100|||205 e. 49th st.
2101|afghan||
2102|hugo's cellar|702-385-4011|
2103|||2285 peachtree rd.  peachtree battle condominium
2104|carnegie deli|212-757-2245|
2106|boonthai|212/249-8484|
2108|||225 varick st. at clarkston st.
2110|||2450 broadway
2111|broadway deli|310/451-0616|
2112|||4100 cahuenga blvd.
2113|||3400 las vegas blvd. s.
2115|tre visi|702-891-7331|
2116|||870 n. highland ave.
2117|taste of new orleans|404/874-5535|
2120|||56 e. andrews dr. nw
2122|chops|404-262-2675|
2123|||4041 audrie st. at flamingo rd.
2124|capozzoli's|702/731-5311|
2125|||4837 old national hwy.
2128|||221 w. 57th st.
2130|campanile|213-938-1447|
2131|||2411 w. sahara ave.
2132|pamplemousse|702/733-2066|
2133|||333 bush st.
2134|phnom penh cambodian restaurant|415-775-5979|
2136|||219 e. 44th st.  between 2nd and 3rd aves.
2138|lanza restaurant|212/674-7014|
2139|||1517 polk st.
2140|caffe dell'artista|212/645-4431|
2142|oritalia|415/346-1333|
2143|||50 macdougal st.  between houston and prince sts.
2145|lola|212/675-6700|
2146|||3117 ocean park blvd.
2149|||1944 union st.
2151|stars|415/861-7827|
2153|||1505 mission st. s.
2155|||157 chrystie st. at delancey st.
2156|||240 california st.
2157|wu kong|415/957-9300|
2159|indonesian||
2160|||1972 hillhurst ave.
2161|||76 mott st. at canal st.
2163|trattoria dell'arte|212/245-9800|
2164|||570 fourth st.
2166|aquavit|212-307-7311|
2169|||21 w. 52nd st.
2170|west|212/246-6363|
2171|||386 3rd ave.  between 27th and 28th sts.
2173|adriano's ristorante|310/475-9807|
2174|||26025 pacific coast hwy.
2175|||202 e. fremont st.
2177|island spice|212-765-1737|
2179|||42 e. 20th st.
2182|||9500 wilshire blvd.
2183|camille's|404/872-7203|
2184|chan dara|213/467-1052|
2186|brookhaven cafe|404-231-5907|
2187|||889 w. peachtree st.
2189|||239 w. broadway
2190|cucina della fontana|212-242-0636|
2191|||70 w. paces ferry rd.
2192|harry's bar & american grill|310/277-2333|
2194|havana sandwich shop|404-636-4094|
2195|||3333 s. maryland pkwy.
2196|lillie langtry's|702/385-7111|
2200|||400 e. sahara ave.
2201|bardelli's|415/982-0243|
2202|||631 larkin st.
2203|cafe luxembourg|212/873-7411|
2205|||168 1st ave.  between 10th and 11th sts.
2207|le marais|212/869-0900|
2208|fusion||
2209|des alpes|415/788-9900|
2210|||46 greenwich ave.
2212|casa la femme|212/505-0005|
2213|||1915 fillmore st.
2215|||30 west 22nd st.  between 5th and 6th ave.
2217|||6703 melrose ave.
2219|dix et sept|212/645-8023|
2220|||150 redwood alley
2221|ton kiang|415/752-4440|
2226|||101 spear st.
2228|asahi ramen|310-479-2231|
2230|||900 7th ave.  between 56th and 57th sts.
2232|verbena|212/260-5454|
2233|dawat|212-355-7555|
2235|chez melange|310-540-1222|
2237|||20 e. 76th st.
2238|||63rd street steakhouse 44 w. 63rd st.
2240|||419 n. fairfax ave.
2241|atlanta fish market|404/262-3165|
2242|cafe pinot|213/239-6500|
2244|manhattan ocean club|212-371-7777|
2245|monkey bar|212/838-2600|
2246|||249 e. 50th st.
2247|afghan kebab house|212-307-1612|
2248|||4274 peachtree rd.
2249|||1186 n. highland ave.
2251|||2424 main st.
2252|french quarter food shop|404/875-2489|
2253|ed debevic's|310/659-1952|
2255|eats|404-888-9149|
